{
    "teal upholstered armchair": {
        "box": [
            485.71282958984375,
            639.7913818359375,
            817.50390625,
            979.5980224609375
        ],
        "score": 0.869,
        "phrase": "teal upholstered armchair"
    },
    "dark wooden sideboard": {
        "box": [
            227.57728576660156,
            610.2254638671875,
            669.8360595703125,
            891.9876098632812
        ],
        "score": 0.492,
        "phrase": "dark wooden sideboard"
    },
    "white round table with blue tablecloth": {
        "box": [
            768.6168212890625,
            675.91064453125,
            1045.33984375,
            1034.70166015625
        ],
        "score": 0.861,
        "phrase": "white round table with blue tablecloth"
    },
    "dark brown curtain": {
        "box": [
            687.2761840820312,
            4.9302978515625,
            907.5882568359375,
            654.3193359375
        ],
        "score": 0.839,
        "phrase": "dark brown curtain"
    },
    "white sheer curtain": {
        "box": [
            837.1607666015625,
            4.086669921875,
            1195.884033203125,
            972.021240234375
        ],
        "score": 0.502,
        "phrase": "white sheer curtain"
    },
    "blue round rug": {
        "box": [
            494.21051025390625,
            858.6654663085938,
            852.1980590820312,
            1033.95166015625
        ],
        "score": 0.873,
        "phrase": "blue round rug"
    },
    "traditional table lamp": {
        "box": [
            23.058860778808594,
            425.0549621582031,
            155.4903564453125,
            717.620849609375
        ],
        "score": 0.816,
        "phrase": "traditional table lamp"
    },
    "vase with purple flowers": {
        "box": [
            318.28106689453125,
            391.3636169433594,
            465.3396301269531,
            621.4226684570312
        ],
        "score": 0.477,
        "phrase": "vase with purple flowers"
    },
    "white vase with cotton branches": {
        "box": [
            368.7120361328125,
            497.3800964355469,
            415.9162902832031,
            623.1338500976562
        ],
        "score": 0.527,
        "phrase": "white vase with cotton branches"
    },
    "decorative pillow on armchair": {
        "box": [
            607.4578857421875,
            690.4321899414062,
            760.460693359375,
            799.9996337890625
        ],
        "score": 0.872,
        "phrase": "decorative pillow on armchair"
    },
    "book and vase on round table": {
        "box": [
            2.931121826171875,
            423.55767822265625,
            211.55255126953125,
            904.5185546875
        ],
        "score": 0.352,
        "phrase": "book and vase on round table"
    },
    "white vase with narrow top": {
        "box": [
            467.15234375,
            569.2577514648438,
            507.9524841308594,
            624.142333984375
        ],
        "score": 0.379,
        "phrase": "white vase with narrow top"
    },
    "small white spherical vase": {
        "box": [
            513.83837890625,
            574.8251342773438,
            550.40478515625,
            599.1845092773438
        ],
        "score": 0.37,
        "phrase": "small white spherical vase"
    },
    "white oval-shaped small vase": {
        "box": [
            420.9742431640625,
            574.0196533203125,
            462.83367919921875,
            621.9330444335938
        ],
        "score": 0.403,
        "phrase": "white oval-shaped small vase"
    },
    "colorful abstract framed artwork": {
        "box": [
            312.0862731933594,
            539.391357421875,
            422.53131103515625,
            604.9696044921875
        ],
        "score": 0.473,
        "phrase": "colorful abstract framed artwork"
    },
    "clear glass bottle with contents": {
        "box": [
            822.5857543945312,
            586.5592041015625,
            885.979736328125,
            703.3261108398438
        ],
        "score": 0.926,
        "phrase": "clear glass bottle with contents"
    },
    "white ceramic plate with food": {
        "box": [
            880.4987182617188,
            678.5385131835938,
            997.3343505859375,
            704.8731689453125
        ],
        "score": 0.615,
        "phrase": "white ceramic plate with food"
    }
}