{
    "teal upholstered armchair": {
        "box": [
            485.70758056640625,
            639.79638671875,
            817.5,
            979.5950317382812
        ],
        "score": 0.869,
        "phrase": "teal upholstered armchair"
    },
    "dark wooden sideboard": {
        "box": [
            227.58045959472656,
            610.2244873046875,
            669.8351440429688,
            891.994140625
        ],
        "score": 0.491,
        "phrase": "dark wooden sideboard"
    },
    "white round table with blue tablecloth": {
        "box": [
            768.6187133789062,
            676.00244140625,
            1045.3359375,
            1034.6475830078125
        ],
        "score": 0.863,
        "phrase": "white round table with blue tablecloth"
    },
    "dark brown curtain": {
        "box": [
            687.2852783203125,
            4.91241455078125,
            907.5880737304688,
            654.3389282226562
        ],
        "score": 0.84,
        "phrase": "dark brown curtain"
    },
    "white sheer curtain": {
        "box": [
            837.1978149414062,
            4.086700439453125,
            1195.844482421875,
            972.0382080078125
        ],
        "score": 0.501,
        "phrase": "white sheer curtain"
    },
    "blue round rug": {
        "box": [
            494.19769287109375,
            858.6814575195312,
            852.2233276367188,
            1033.948974609375
        ],
        "score": 0.875,
        "phrase": "blue round rug"
    },
    "traditional table lamp": {
        "box": [
            23.05548858642578,
            425.04925537109375,
            155.49295043945312,
            717.6063842773438
        ],
        "score": 0.817,
        "phrase": "traditional table lamp"
    },
    "vase with purple flowers": {
        "box": [
            318.28582763671875,
            391.3726806640625,
            465.38116455078125,
            621.410400390625
        ],
        "score": 0.478,
        "phrase": "vase with purple flowers"
    },
    "white vase with cotton branches": {
        "box": [
            368.7081298828125,
            497.38018798828125,
            415.90960693359375,
            623.1362915039062
        ],
        "score": 0.526,
        "phrase": "white vase with cotton branches"
    },
    "decorative pillow on armchair": {
        "box": [
            607.456787109375,
            690.4323120117188,
            760.4529418945312,
            799.974609375
        ],
        "score": 0.872,
        "phrase": "decorative pillow on armchair"
    },
    "book and vase on round table": {
        "box": [
            2.952484130859375,
            423.5440673828125,
            211.5425567626953,
            904.521728515625
        ],
        "score": 0.352,
        "phrase": "book and vase on round table"
    },
    "white vase with narrow top": {
        "box": [
            467.0786437988281,
            569.15087890625,
            508.10284423828125,
            624.2376098632812
        ],
        "score": 0.454,
        "phrase": "white vase with narrow top"
    },
    "small white spherical vase": {
        "box": [
            420.85894775390625,
            573.7190551757812,
            462.9632263183594,
            622.1487426757812
        ],
        "score": 0.475,
        "phrase": "small white spherical vase"
    },
    "abstract multicolored canvas painting": {
        "box": [
            312.6463623046875,
            539.449951171875,
            422.2356262207031,
            604.6786499023438
        ],
        "score": 0.575,
        "phrase": "abstract multicolored canvas painting"
    },
    "clear glass bottle with contents": {
        "box": [
            822.4974975585938,
            586.5880126953125,
            886.0416259765625,
            703.3018188476562
        ],
        "score": 0.926,
        "phrase": "clear glass bottle with contents"
    },
    "white ceramic plate with food": {
        "box": [
            880.461669921875,
            678.6776123046875,
            997.2987060546875,
            704.4981689453125
        ],
        "score": 0.557,
        "phrase": "white ceramic plate with food"
    }
}